code;name;descr;_parent
AUNSW;New South Wales;;AU
AUVIC;Victoria;;AU
CAON;Ontario;;CA
CAQC;Quebec;;CA
CNBJ;Beijing;;CN
CNSH;Shanghai;;CN
DEBE;Berlin;;DE
DEBY;Bavaria;;DE
DEHH;Hamburg;;DE
EUBX;Brussels-Capital;;EU
FRIDF;Ile-de-France;;FR
FRPAC;Provence-Alpes-Cote d'Azur;;FR
GBANT;Antrim;;GBNIR
GBENG;England;;GB
GBGL;Greater London;;GBENG
GBGLW;Glasgow City;;GBSCT
GBGM;Greater Manchester;;GBENG
GBINV;Inverness-shire;;GBSCT
GBLOT;Lothian;;GBSCT
GBMSY;Merseyside;;GBENG
GBNIR;Northern Ireland;;GB
GBSCT;Scotland;;GB
GBSGL;South Glamorgan;;GBWLS
GBSKY;Isle of Skye;;GBINV
GBWI;Na h-Eileanan Siar (Western Isles);;GBSCT
GBWLS;Wales;;GB
GBWM;West Midlands;;GBENG
ILJM;Jerusalem District;;IL
ILTA;Tel Aviv District;;IL
INDL;Delhi;;IN
INMH;Maharashtra;;IN
MMMDY;Mandalay Region;;MM
MMYGN;Yangon Region;;MM
USCA;California;;US
USNY;New York;;US
USTX;Texas;;US
GBDEV;Devon;;GBENG
GBCON;Cornwall;;GBENG
GBNDV;North Devon;;GBDEV
GBSDV;South Devon;;GBDEV
GBECO;East Cornwall;;GBCON
GBWCO;West Cornwall;;GBCON
